INSERT INTO "Customer" (FirstName, LastName, StreetNumber, StreetName, ZipCode, State) VALUES
	('Carys','Smith', '123','Mallory Lane', '37013', 'TN'),
	('Emmett','Johnson', '435','Carothers Pkwy', '37209', 'TN'),
	('Latoya','Williams', '44','Claybrook Lane', '38471', 'TN'),
	('Trina','Jones', '283a','Bending Creek Drive', '37721', 'TN'),
	('Kade','Brown', '6b','Old Hickory Blvd', '37233', 'TN'),
	('Torin','Davis', '1440','Harris Ave', '37221', 'TN'),
	('Aggie','Miller', '7723','21st Ave N.', '37211', 'TN'),
	('Caelen','Wilson', '289','Plus Park Blvd', '37209', 'TN'),
	('Patsy','Moore', '7654','Interstate Blvd S.', '37208', 'TN'),
	('Bettina','Taylor', '985-b','Whitney Ave', '37207', 'TN'),
	('Hans','Anderson', '33922','Bell Rd', '37005', 'TN'),
	('Leda','Thomas', '23','Harding Pky', '37222', 'TN'),
	('Clair','Jackson', '546','Nollensville Rd', '37112', 'TN'),
	('Evan','White', '5692','Charlotte Ave', '37209', 'TN'),
	('Roscoe','Harris', '6780','Landau Dr', '37011', 'TN'),
	('Sondra','Martin', '9362','Carriage Dr', '37012', 'TN'),
	('Dixon','Daniels', '74567','Vangilder Lane', '37221', 'TN'),
	('Gail','Gilbert', '18','Fulmer Ave', '37202', 'TN');

 
INSERT INTO "Product" (Name, Price, Revenue) VALUES
	('Rug', 5700, 300),
	('Wine Glasses', 2100, 100),
	('Book Ends', 1600, 400),
	('Picture Frame', 2200, 200),
	('Blu-Ray Player', 9500, 1500),
	('Digital Camera', 25700, 5200),
	('Stuffed Animal - Monkey', 400, 100),
	('Stuffed Animal - Sloth', 500, 100),
	('Spatula', 1000, 100),
	('Crayons', 200, 100),
	('Headphones', 5300, 500),
	('Lawn Furniture', 15000, 5300),
	('Hammer', 2500, 300),
	('Computer Monitor', 95000, 2400),
	('Golf Clubs', 86000, 16900),
	('Raspberry Pi', 4500, 1000),
	('eReader', 25000, 900);

INSERT INTO "Order" (CustomerId, DateCompleted) VALUES
	(1,'20161005'),
	(2,'20161005'),
	(3,'20161005'),
	(4,'20151005'),
	(5,'20151005'),
	(6,'20141005'),
	(7,'20151005'),
	(8,'20161005'),
	(9,'20161005'),
	(10,'20161005'),
	(11,'20161005'),
	(12,'20151005'),
	(13,'20151005'),
	(14,'20141005'),
	(15,'20141005'),
	(16,'20161005');

INSERT INTO "LineItem" (ProductId, OrderId) VALUES
	(1,1),
	(2,1),
	(13,1),
	(12,2),
	(2,2),
	(8,2),
	(9,3),
	(7,3),
	(6,3),
	(6,4),
	(4,4),
	(12,4),
	(11,5),
	(10,6),
	(9,6),
	(8,7),
	(8,7),
	(9,8),
	(10,8),
	(10,9),
	(5,10),
	(5,11),
	(4,12),
	(12,12),
	(11,13),
	(10,14),
	(3,15),
	(3,16),
	(2,16);

